hello,world,quality
we have, only one line!, 1
we have, only three line!, 2
we have, only threeeee line!, 3
we have, only one line!, 4
we have, only three line!, 1
we have, only threeeee line!, 2
we have, only one line!, 3
we have, only three line!, 4
we have, only one line!, 1
we have, only three line!, 2
we have, only threeeee line!, 3
we have, only one line!, 4
we have, only three line!, 1
we have, only threeeee line!, 2
we have, only one line!, 2
we have, only three line!, 3
we have, only threeeee line!, 4
we have, only one line!, 1
we have, only three line!, 2
we have, only threeeee line!, 3
we have, only one line!, 4
we have, only three line!, 1
we have, only threeeee line!, 2
we have, only one line!, 3
we have, only three line!, 4
we have, only one line!, 1
we have, only three line!, 2
we have, only threeeee line!, 3
we have, only one line!, 4
we have, only three line!, 1
we have, only threeeee line!, 2
we have, only one line!, 2
we have, only three line!, 3
we have, only threeeee line!, 4
we have, only one line!, 1
we have, only three line!, 2
we have, only threeeee line!, 3
we have, only one line!, 4
we have, only three line!, 1
we have, only threeeee line!, 2
we have, only one line!, 3
we have, only three line!, 4
we have, only one line!, 1
we have, only three line!, 2
we have, only threeeee line!, 3
we have, only one line!, 4
we have, only three line!, 1
we have, only threeeee line!, 2
we have, only one line!, 2
we have, only three line!, 3
we have, only threeeee line!, 4
we have, only one line!, 1
we have, only three line!, 2
we have, only threeeee line!, 3
we have, only one line!, 4
we have, only three line!, 1
we have, only threeeee line!, 2
we have, only one line!, 3
we have, only three line!, 4
we have, only one line!, 1
we have, only three line!, 2
we have, only threeeee line!, 3
we have, only one line!, 4
we have, only three line!, 1
we have, only threeeee line!, 2
we have, only one line!, 2
we have, only three line!, 3
we have, only threeeee line!, 4